publish_date,headline_text
2003-02-19,aba decides against community broadcasting licence
2003-02-20,15 dead in rebel bombing raid philippines army
2003-02-21,accc too timid in petrol price investigations
2003-02-22,86 confirmed dead after us nightclub fire
2003-02-23,accused people smuggler to face darwin court
2003-02-24,94 dead in china earthquake
2003-02-25,4 million pay out for sacked ceo
2003-02-26,abs defends nt population shrinking claim
2003-02-27,500 million development plan for maroochydore
2003-02-28,4m ant eradication plan worth it csiro
2003-03-01,30 million landmines destroyed worldwide
2003-03-02,11 killed in light plane crash in russia
2003-03-03,69 people charged during weekend police operation
2003-03-04,abare predicts economic growth reduction
2003-03-05,aboriginal liaison positions to continue
2003-03-06,aba says no to another wollongong community radio
2003-03-07,aboriginal leadership to be honoured
2003-03-08,act women honoured for equality contribution
2003-03-09,alinghi crew returns home to heroes welcome
2003-03-10,3 adults 1 child die in melbourne house fire
2003-03-11,abigroup to hire local workers for rail link work
2003-03-12,18 judges sworn in at icc inauguration
2003-03-13,act parliament to allow breastfeeding inside
2003-03-14,360 civilians killed during palestinian uprising
2003-03-15,aids drug shows promising signs
2003-03-16,11 indian policemen killed in militant attack in
2003-03-17,aboriginal elders assist arnhem fire management
2003-03-18,12 show interest in bowden group
2003-03-19,19 million upgrade for mitsubishi motors
2003-03-20,accident sparks appeal for farm safety
2003-03-21,24m sports complex planned for boulia
2003-03-22,18 killed as chinese trawler sunk off sri lanka
2003-03-23,abc cameraman australias first casualty in iraq
2003-03-24,10 arrested in jakarta after threatening westerners
2003-03-25,700 quarantined in singapore to control killer
2003-03-26,4wd used to ram raid bottle shop
2003-03-27,14 iraqi tanks destroyed south of basra british
2003-03-28,17m payout stands for paralysed motorist
2003-03-29,10 year old charged with molesting murdering
2003-03-30,abbott dismisses unions cole criticism
2003-03-31,100000 strike in israel over budget cuts
2003-04-01,aa says deal will stave off bankruptcy
2003-04-02,act budget expected to be in the red
2003-04-03,ais report finds less guns being used in homicides
2003-04-04,18 killed in brazil bus crash
2003-04-05,1000 iraqis killed in baghdad incursion us
2003-04-06,12 kurdish fighters killed as us plane bombs
2003-04-07,21 children teacher killed in russian school fire
2003-04-08,10 protesters may be charged over harbour action
2003-04-09,aba imposes extra condition on tv licences
2003-04-10,100 fines for abusing sex workers
2003-04-11,abera out for world best in london
2003-04-12,5 men charged after illegal tobacco shipment plot
2003-04-13,2 dead 24 injured on nsw roads
2003-04-14,aged care residents support council efforts to
2003-04-15,51m funding boost for shale oil project
2003-04-16,acb announces zimbabwe india matches
2003-04-17,abattoir operator inundated with work offers
2003-04-18,afl defends collingwood banner censorship
2003-04-19,11 dead 40 injured in jail riot in venezuela
2003-04-20,11 tourists dead as boat sinks in brazil
2003-04-21,15m sought for dukes highway work
2003-04-22,17 militants killed in kashmir clashes
2003-04-23,acb announces contracts domestic schedule
2003-04-24,13 year old to make lpga return
2003-04-25,adams puts proteas in strong position
2003-04-26,act residents face rate hikes
2003-04-27,6 more taiwanese sars cases reported
2003-04-28,aagard hits out at medicare reforms
2003-04-29,17 killed in kashmir clash
2003-04-30,12 months to overcome sars downturn qantas
2003-05-01,200 remain trapped after bingol earthquake
2003-05-02,abattoir piggery to get over 1m in federal funds
2003-05-03,12 kashmiris killed as grenade misses target
2003-05-04,30 aussies quarantined in sars hysteria
2003-05-05,10000 turn out for brisbane labour day march
2003-05-06,52 refused anthrax injections govt
2003-05-07,11 injured in raaf hangar collapse
2003-05-08,3 dead in collision
2003-05-09,2004 european cup needs new host
2003-05-10,10 people wounded in bomb explosion in pakistan
2003-05-11,2 y o diagnosed with meningococcal disease
2003-05-12,aba clears macquarie in 2gb ownership inquiry
2003-05-13,3 dead dozens hurt in saudi blasts
2003-05-14,17 missing tourists found alive in algeria
2003-05-15,2003 australian swimming meets
2003-05-16,76ers coach makes pitch for jordan
2003-05-17,28 germans die in bus crash in france
2003-05-18,aceh peace talks fail
2003-05-19,14 hurt in kashmiri explosions
2003-05-20,34 miners feared dead in coalmine accidents in
2003-05-21,abattoir set to reopen
2003-05-22,18 reportedly killed in chinese mine blast
2003-05-23,70 year old conquers everest
2003-05-24,10 pro democracy activists jailed in burma
2003-05-25,aceh offensive could last for months analyst
2003-05-26,9m boost planned for port hedland
2003-05-27,150000 terror kits returned to govt committee told
2003-05-28,aa say money troubles wont impact on athletes
2003-05-29,abc funding safe despite criticism alston
2003-05-30,12yo archers set to hunt bears
2003-05-31,16 killed 21 injured in kashmir shoot outs blast
2003-06-01,50 km zone grace period over
2003-06-02,4wd activity destroying aboriginal sites researcher
2003-06-03,aba suspends wagin radio licence
2003-06-04,17 injured in paris explosion
2003-06-05,accordian crimes no threat to legal dignity
2003-06-06,63m land sale opens way for sports facility
2003-06-07,10 injured as plane crashes into hollywood building
2003-06-08,13 students missing after boat capsizes in china
2003-06-09,16 tasmanians awarded queens birthday honours
2003-06-10,20 levy planned for aged care beds
2003-06-11,60 workers kidnapped in peru
2003-06-12,4wd vandals damage national park
2003-06-13,1000 arrested in puerto rico anti drug operation
2003-06-14,50 escape fire at nambour high school dance
2003-06-15,10 killed as saudi police clash with terror
2003-06-16,17 year old stable after party stabbing
2003-06-17,12 million to be spent promoting alpine resorts
2003-06-18,15 dead after pakistan heatwave
2003-06-19,10 rebels two soldiers killed in aceh military
2003-06-20,accident woman remains critical
2003-06-21,100 feared dead in nigeria oil pipe explosion
2003-06-22,10 detained in kenya anti terrorism swoop
2003-06-23,14 killed as train derails in india
2003-06-24,840000 for manhole fall
2003-06-25,100m cut to roads funding opposition
2003-06-26,30 drown in sierra leone boat capsize
2003-06-27,11m salt reduction scheme for murray
2003-06-28,12 million to go towards river clean up
2003-06-29,15m march in european gay parades
2003-06-30,acccs work far from over fels
2003-07-01,36ers catallini rejects italian offer
2003-07-02,15 killed in indian rail accident
2003-07-03,aboriginal groups win native title bid
2003-07-04,abalone industry picking up after sars
2003-07-05,7 iraqi police recruits killed 45 wounded after
2003-07-06,22 die in chinese coal mine explosion
2003-07-07,5m upgrade for bendigo stadium
2003-07-08,38m grant for crop centre
2003-07-09,abattoir revamp to boost job numbers
2003-07-10,accidental doping leaves atp red faced
2003-07-11,1b sars impact considered mild and temporary
2003-07-12,135 killed in burundi rebel assault officials
2003-07-13,150 bodies recovered from ferry disaster state
2003-07-14,240 jobs lost in pie brand sellout
2003-07-15,abbott talks up national workers compo scheme
2003-07-16,14m revamp planned for aust inland infrastructure
2003-07-17,11 year rule tips drought to end in 2004
2003-07-18,20m food precinct planned for e bendigo
2003-07-19,act accepts samuel appointment
2003-07-20,1 killed 3 seriously hurt in nsw highway crash
2003-07-21,abandoned pets facing bleak future
2003-07-22,15 killed 400 injured as earthquake rocks china
2003-07-23,acf nff draft joint water plan
2003-07-24,advice expected on rivkins medical condition
2003-07-25,27 million for grampians cultural tourism centre
2003-07-26,1 million babies later ivf turns 25
2003-07-27,173 fishermen missing in rough bangladesh sea
2003-07-28,12 injured in kashmir explosion
2003-07-29,abare backs gm crops go ahead
2003-07-30,act chief supports camping ban at embassy
2003-07-31,321 military officers to face rebellion charges
2003-08-01,abused children more likely to suicide academic
2003-08-02,act govt welcomes plastic bags phase out plan
2003-08-03,45 killed after explosives catch fire in pakistan
2003-08-04,14 killed in vietnam train smash
2003-08-05,19 year old sentenced to jail for manslaughter
2003-08-06,10 dead in dr congo attack
2003-08-07,11 dead 57 injured in baghdad embassy attack
2003-08-08,45 second late plane refused landing clearance
2003-08-09,86 year old begins jail term for fraud
2003-08-10,adams snares nine as proteas thump kent
2003-08-11,11 vietnamese tourists drown after boat capsizes
2003-08-12,26 taken to hospital after sa school fire
2003-08-13,14 women detained after brothel raids
2003-08-14,15 injured in greece quake
2003-08-15,aborigines urged to donate bone marrow
2003-08-16,15 soldiers killed in landslide in nepal
2003-08-17,12 hurt in french fireworks explosion
2003-08-18,8 dead 10 missing as brazil boat capsizes
2003-08-19,12 killed in latest kashmir fighting
2003-08-20,7 killed in jerusalem bus blast sources
2003-08-21,abu mazen orders militant arrests
2003-08-22,15 charged over murder of serbian pm
2003-08-23,16 dead in brazilian satellite launch explosion
2003-08-24,30000 flee canadian forest fire
2003-08-25,500 expected at war veterans funeral
2003-08-26,38000 still without power in nsw
2003-08-27,39 killed in religious festival stampede
2003-08-28,3000 farewell slain police officer
2003-08-29,11 killed in aceh violence
2003-08-30,10 injured in minibus crash
2003-08-31,abbott denies libs involved in trust fund
2003-09-01,abbott denies multiple anti hanson funds
2003-09-02,14 dead after flooding in india
2003-09-03,2002 drought will go down in history
2003-09-04,abbas reappoints erakat as chief negotiator with
2003-09-05,13 killed as passenger truck falls into a ditch in
2003-09-06,afp sought access to al qaeda suspect in june govt
2003-09-07,abc unable to live within its means alston says
2003-09-08,10m wind farm nearing completion
2003-09-09,afp to investigate intelligence leak claims
2003-09-10,abattoir closure boosts mudgee jobless rate
2003-09-11,17 arrested in home village of palestinian suicide
2003-09-12,academic ponders council powers
2003-09-13,400 arrested in chile coup anniversary
2003-09-14,23 killed in indian kashmir
2003-09-15,28 dead dozens injured in south american bus
2003-09-16,36 feared dead in nepal bus accident
2003-09-17,70 arrested over unpaid fines
2003-09-18,actu urged to intervene over bhp ship sale
2003-09-19,accelerated radiotherapy benefits cancer patients
2003-09-20,15 bodies recovered from flooded mine in north
2003-09-21,act libs to announce campaign platform
2003-09-22,20 injured in bangladesh ship crash
2003-09-23,340 handguns surrendered in act
2003-09-24,abattoir still looking for workers
2003-09-25,6000 sheep dead on export ship rspca
2003-09-26,100 million year old fossils found in western qld
2003-09-27,1100 forced to pay back home owners grant in nsw
2003-09-28,africa must prioritise fight against poverty
2003-09-29,act cannabis thief convicted for assault
2003-09-30,academic highlights reef no take zone benefit
2003-10-01,1m mildura medical school opens
2003-10-02,3m boost for southern qld environment
2003-10-03,abbott to meet ama over exodus fears
2003-10-04,act home detention an australian first
2003-10-05,act oppn concerned over home detention policy
2003-10-06,14m for highway safety boost
2003-10-07,acoss urges senate block on uni package
2003-10-08,abattoir developer awaits appeal outcome
2003-10-09,aboriginal women unite against child abuse
2003-10-10,abc inquiry vindicates complaints govt
2003-10-11,100 missing in nigeria ferry capsize
2003-10-12,100 teacher jobs on offer in tas
2003-10-13,act firefighters missed chance to battle january
2003-10-14,5m plant to improve broken hill water
2003-10-15,adelaide ready for nsl debut
2003-10-16,15 year old rider to re write aust gp record books
2003-10-17,academic says small campusus to be hardest hit
2003-10-18,adelaide woman delivers surprise baby
2003-10-19,activists protest as bush meets thai leader
2003-10-20,700 evacuated amid torrential rains near vancouver
2003-10-21,16 killed in south korea bus accident
2003-10-22,abbott agrees to meet health staff over medicare
2003-10-23,20 injured in sydney bus collision
2003-10-24,15000 fish species found by ocean survey
2003-10-25,accused japanese stalker sues pop princess
2003-10-26,10 escape dimboola hotel fire
2003-10-27,71 y o faces attempted murder charges after break
2003-10-28,3000 rally against sbs broadcast
2003-10-29,13 detained in latest immigration raids
2003-10-30,abattoir workers to get part of owed money
2003-10-31,86th anniversary for charge of the lighthorsemen
2003-11-01,10 killed in kashmir violence
2003-11-02,15 us soldiers killed in attack on helicopter in
2003-11-03,act announces bushfire spatial zone
2003-11-04,aborted bat foetuses discovered near naracoorte
2003-11-05,1100 aust troops to leave solomons next month
2003-11-06,21 tea workers killed in india arson attack
2003-11-07,aboriginal remains returned to warrnambool
2003-11-08,abetzs ticket spot uncertain despite cabinet post
2003-11-09,31 sudanese killed in alms rush
2003-11-10,aboriginal remains kept in boxes at sa community
2003-11-11,abattoir gets nod for 30m revamp
2003-11-12,150000 stop work in south korea
2003-11-13,accused wanted to give up people smuggling court
2003-11-14,abuse victims urged to lodge compo claims
2003-11-15,11 killed in istanbul synagogue explosion
2003-11-16,100000 march to oppose war racism corporate greed
2003-11-17,aboriginal dancers to take part in international
2003-11-18,aborigines to sign unique nt pearl deal
2003-11-19,abc must boost efficiency alston
2003-11-20,26 killed hundreds injured in istanbul blasts
2003-11-21,21 hurt in india mosque bombing police
2003-11-22,18 car pile up cause traffic chaos in brisbane
2003-11-23,aboriginal youth need more space forum
2003-11-24,14 dead nine missing in china mine blast
2003-11-25,act refuses australia day party funding
2003-11-26,95pc of households recycling
2003-11-27,abbott begins talks over medicare safety net
2003-11-28,70m security boost for embassies
2003-11-29,10 killed in pakistan bus crash
2003-11-30,academy builds lead after laxman lifts india
2003-12-01,3 million aids patients to get drugs by 2005 un
2003-12-02,28 killed in nepal clashes
2003-12-03,abortion sparks uk legal battle
2003-12-04,36ers end hawks winning ways
2003-12-05,abbott rebuked over latham jibe
2003-12-06,absent mugabe continues to dominate chogm
2003-12-07,act group welcomes homelessness plan
2003-12-08,19 year old charged with bakery robbery
2003-12-09,2m to address wa salinity
2003-12-10,abbott stands by personal attacks
2003-12-11,18 wounded in israel blast
2003-12-12,17 honoured for bravery in bali
2003-12-13,20 brisbane suburbs without power
2003-12-14,albright criticises bush for poor post war strategy
2003-12-15,26 oyster farms closed
2003-12-16,11 killed in new iraq ambush attempt
2003-12-17,700000 revamp for museum of flight
2003-12-18,12 face court over ecstasy haul
2003-12-19,19m contract secures regional rail freight
2003-12-20,aba clears telstra over unanswered 000 fire calls
2003-12-21,200 feared dead in philippine landslides
2003-12-22,15m housing boost for kimberley community
2003-12-23,6 8m plan for timber processing revamp
2003-12-24,act govt considers coroners findings
2003-12-25,14 die in indonesias troubled aceh province
2003-12-26,14 dead in musharraf assassination bid
2003-12-27,200 couples married in mass ceremony in bangladesh
2003-12-28,14 killed in thai car accident
2003-12-29,11 miners pulled out alive after 40 hours trapped
2003-12-30,abattoir work to include mudgee gas connection
2003-12-31,adelaide utd rest after catch up schedule
2004-01-01,9 dead as bomb ends aceh new years concert
2004-01-02,above average rain for gladstone
2004-01-03,12 rescued after rough seas roll dive boat
2004-01-04,10 rescued after dive boat rolls
2004-01-05,45m sought for new collie river bridge
2004-01-06,act govt accused of neglecting elderly
2004-01-07,15 killed in afghan explosion
2004-01-08,activists claim sth africa farmland
2004-01-09,75 years on tintin sets cash tills ringing
2004-01-10,act looks to be declared free of grape bug
2004-01-11,17 killed 30 injured in bangladesh bus crash
2004-01-12,afghanistan happy with guantanamo detention
2004-01-13,20m sought to eliminate carp from waterways
2004-01-14,adelong banking on community support
2004-01-15,act child protection scheme to be reviewed
2004-01-16,7500 wa students miss out on uni place
2004-01-17,act opposition calls for independent child abuse
2004-01-18,afp investigated australian accused of child sex
2004-01-19,accident investigation underway
2004-01-20,18 missing in capsized freighter
2004-01-21,abbott backs howards traditional school values
2004-01-22,5m revamp sheds light on traeger park
2004-01-23,27 arrested in pawn shop sting
2004-01-24,actu warns diplomat off solomons pay dispute
2004-01-25,230 arrested in sydney rail drug busts
2004-01-26,acoss draws attention to rich poor divide
2004-01-27,4 killed in cairo building collapse
2004-01-28,911 commission hears flight attendants phone call
2004-01-29,12 arrested over 20m marijuana crop
2004-01-30,10 to face court over 50m cannabis haul
2004-01-31,act health offers oxygen rebate to ill woman
2004-02-01,250 healthy chickens to be culled in singapore
2004-02-02,2m complex to look after aged care residents
2004-02-03,160000 fine for electricians rail death
2004-02-04,abattoir boss seeks permanent residency for asylum
2004-02-05,6000 homes blacked out by lightning strike
2004-02-06,75 million upgrade for albany grain terminal
2004-02-07,19 workers drown off uk coast
2004-02-08,2nd us man cops brazil finger fine
2004-02-09,acoss wants baby bonus scrapped
2004-02-10,act govt backs call in powers in deciding rehab
2004-02-11,200 jobs swing on 38 million briquette factory loan
2004-02-12,36ers leave key players out of west sydney clash
2004-02-13,aba to probe adelaide radio host
2004-02-14,21 missing after ship sinks off turkey
2004-02-15,18 dead in png road accident
2004-02-16,81 rail services to be cancelled in sydney
2004-02-17,abbott defends private health insurance rebate
2004-02-18,116 goal spree rebounds on indian clubs
2004-02-19,100000 strong crowd tipped for alice afl match
2004-02-20,100 cattle die in southern nsw heatwave
2004-02-21,aboriginal academic brands qld minister racist
2004-02-22,act defends govts handling of heroin overdose rise
2004-02-23,200000 qld non voters face fines
2004-02-24,24 dead 13 missing in chinese mine
2004-02-25,abbott to tour central australia
2004-02-26,20 killed in russian blasts
2004-02-27,aboriginal women to defy police by dancing topless
2004-02-28,28 bodies recovered after indian bus crash
2004-02-29,abs report highlights custodial orders up in nt nsw
2004-03-01,8m to lift victorian food campaign
2004-03-02,134 still missing in philippines ferry fire
2004-03-03,17m to go to new catchment authority
2004-03-04,accc examines telstra broadband charges
2004-03-05,169m profit for portman ltd
2004-03-06,accountants call for sa stamp duty overhaul
2004-03-07,act fire victims fear being sidelined
2004-03-08,aboriginal health issues under the microscope
2004-03-09,abbott meets senators on medicare
2004-03-10,achille lauro mastermind dies in us custody
2004-03-11,35 million live in poverty senate report
2004-03-12,36 confirmed dead in madagascar storm
2004-03-13,50 countries failing counter terrorism obligations
2004-03-14,14 killed during violent syrian protests
2004-03-15,10 dead in israeli blasts
2004-03-16,26 guantanamo prisoners released no australians
2004-03-17,10 detained in immigration raid
2004-03-18,abortion not on election agenda abbott
2004-03-19,accc puts telstra on notice
2004-03-20,12 year old boy dies of bird flu in vietnam
2004-03-21,200 gather in adelaide anti war protest
2004-03-22,act media officer recounts poor communication
2004-03-23,abbott latham go head to head in parliament
2004-03-24,500m boost for north qld nickel refinery
2004-03-25,aboriginal elder banished after stabbing
2004-03-26,abalone council opposes call for lower annual take
2004-03-27,64m to flow to gas firms
2004-03-28,abbott disagrees with pope secularism stance
2004-03-29,accounting it firms plan merger
2004-03-30,abc fails to allay ranns sports concerns
2004-03-31,12 doctors referred to complaints commission
2004-04-01,act to increase greenhouse gas emissions level
2004-04-02,100000 argentines protest crime surge
2004-04-03,15 detainees released from guantanamo
2004-04-04,abandoned ads prove govts family payment plan
2004-04-05,27 killed in china bus crash
2004-04-06,15 iraqis killed as italian troops clash with
2004-04-07,abba rules out reunion at any price
2004-04-08,accc uncovers price fixing by weight loss firm
2004-04-09,ajc urges states to join new network
2004-04-10,80000 stubbies lost in beer blaze
2004-04-11,39 dead after explosion in siberian mine
2004-04-12,12 hostages freed says governing council member
2004-04-13,25 filipino prison escapees elude authorities
2004-04-14,18 years jail for killer of family friend
2004-04-15,abused women prone to smoking
2004-04-16,aboriginal leaders warn scrapping atsic is folly
2004-04-17,5 million bet adds spice to lonhro farewell
2004-04-18,aboriginal committee fights to retain services
2004-04-19,30m boost for townsville health
2004-04-20,aboriginal group points bone at howard
2004-04-21,aboriginal groups invited by mugabe
2004-04-22,abbott defends gp funding
2004-04-23,4m pipeline project on track
2004-04-24,aid workers assess north korea blast site
2004-04-25,adelaide marchers commemorate anzac spirit
2004-04-26,act opposition unleashes pet return policy
2004-04-27,43 insurgents dead in najaf fighting
2004-04-28,2m more for illawarra health
2004-04-29,36ers courting stiff return
2004-04-30,11 year olds refused bail on stealing charges
2004-05-01,18 vietnamese die as boat sinks
2004-05-02,aboriginal group to take health concerns to un
2004-05-03,77b budget surplus means tax cuts access economics
2004-05-04,20m development planned for bargara esplanade
2004-05-05,academic tests schoolyard bullying link to racism
2004-05-06,155m payout to help fund nickel boost
2004-05-07,22 police face bashir protest charges
2004-05-08,12 sadr militia killed in iraqi holy city
2004-05-09,act forests defends pine tree proposal
2004-05-10,aborigines urged to have input into housing review
2004-05-11,abc chief welcomes budget commitment to regional
2004-05-12,3d church opened to woo internet faithful
2004-05-13,abm investigate underground mining opportunities
2004-05-14,10 iraqi militiamen killed in najaf sadr spokesman
2004-05-15,act joins actu family test case
2004-05-16,abc cameramen win golden tripods
2004-05-17,abattoir sale fails to erase creditor debt
2004-05-18,act cuts hospital stay to combat bed shortage
2004-05-19,2004 2005 cricket season announced
2004-05-21,63 year old woman dies during everest descent
2004-05-22,26 die as truck plunges into northern india gorge
2004-05-23,200 feared dead as bangladeshi boat sinks
2004-05-24,240 missing as bangladesh ferries sink
2004-05-25,16 dead in romania truck blast
2004-05-26,abare predicts better outlook export earnings
2004-05-27,60000 teachers to strike over pay
2004-05-28,aboriginal driving school to target unemployment
2004-05-29,adf moves to clarify prisoner abuse knowledge
2004-05-30,aid agencies warn of caribbean flood crisis
2004-05-31,acts position on smoking scoreboard improves
2004-06-01,afl stars feet on the ground 250 games on
2004-06-02,accc investigates termite barrier complaints
2004-06-03,2m sought for ararat energy park
2004-06-04,350m power station includes coal gas plans
2004-06-05,17 suspected taliban killed in afghanistan report
2004-06-06,afp investigates 150m superannuation fraud
2004-06-07,abuse allegations prompt calls for disability
2004-06-08,18 charged over weekend brawl
2004-06-09,act auditor general asked to investigate workcover
2004-06-10,11 killed in dhaka building collapse
2004-06-11,act calls for overseas nurses to boost workforce
2004-06-12,abeylegesse smashes womens 5000m world record
2004-06-13,al aqsa claims israeli troops target leader
2004-06-14,140 bangladeshi fishermen missing in storm
2004-06-15,abbott drops medical records plan
2004-06-16,20 killed 100 injured as train derails in western
2004-06-17,abc board member warns of fragmentation
2004-06-18,4m allocated for industrial park work
2004-06-19,5000 haitians demand aristides return
2004-06-20,30000 congolese refugees fled to burundi officials
2004-06-21,20m development planned for batemans bay
2004-06-22,34000 signatures gathered to ban supermarket
2004-06-23,abc journalist loses court case
2004-06-24,aboriginal elder scores hreoc appointment
2004-06-25,12 arrested over car thefts
2004-06-26,acf urges states to go it alone on green energy
2004-06-27,act seeks interstate koalas stanhope
2004-06-28,2ue escapes cash for comment charges
2004-06-29,127m convention centre opens doors
2004-06-30,1m boost for miners hall of fame
2004-07-01,33pc rate rise for hervey bay residents
2004-07-02,75m sought to boost rural specialists
2004-07-03,12 taliban fighters killed
2004-07-04,alleged abalone poachers face stiff penalties
2004-07-05,afghan families settle into launceston life
2004-07-06,abbott to talk up medicare changes
2004-07-07,12m contract to boost kimberley access
2004-07-08,abbott promotes saturday medicare openings
2004-07-09,100 year old man spared jail for killing wife
2004-07-10,11 year old leads police on high speed chase
2004-07-11,16 firefighters treated for smoke inhalation
2004-07-12,accc scheme wont affect coal shipments
2004-07-13,aborigines keen to find out more about kangaroo
2004-07-14,aba predicts jump in local drama production
2004-07-15,60pc of retailers sell cigarettes to minors
2004-07-16,100 feared dead in indian school fire
2004-07-17,act examines serious drug and alcohol claims
2004-07-18,11 killed in fallujah air strike reports
2004-07-19,10 killed in baghdad bomb attack
2004-07-20,25 killed in ukraine mine explosion
2004-07-21,accc wont intervene in txu sale
2004-07-22,act gives ground over roo cull debate
2004-07-23,act teachers agree to pay deal
2004-07-24,1930 bentley fetches a65 million
2004-07-25,adoption register to reopen
2004-07-26,aboriginal painting fails to sell
2004-07-27,10m needed for riddoch highway work
2004-07-28,2m for reef wetlands work
2004-07-29,abc appoints news chief
2004-07-30,aboriginal languages to be taught in schools
2004-07-31,armstrong aims for number seven
2004-08-01,alp plans tighter regional defence ties
2004-08-02,acf disputes plastic bag reduction claims
2004-08-03,3 year old intelligence used in latest us terror
2004-08-04,12 dead in mosul clashes
2004-08-05,2003 ballan crash victims question treatment
2004-08-06,accused paedophile refused bail
2004-08-07,abu ghraib whistleblower testifies
2004-08-08,abandoned nz boat discovered in qld two years later
2004-08-09,38 injured in colombian bomb explosion
2004-08-10,accused murderer says victim incorrectly identified
2004-08-11,act may seek costs from gungahlin protest group
2004-08-12,70 million gas project on time govt
2004-08-13,1 dead 32 missing after atlantic capsize
2004-08-14,20 injured in cinema blast in india on
2004-08-15,act health confident in maternity services
2004-08-16,abbott denies directing medicare scheme at
2004-08-17,agendas blamed for nrls non expansion
2004-08-18,20 year jail plan for racist attacks dumped
2004-08-19,10 assist police with reed murder inquiry
2004-08-20,100 mitsubishi workers accept qld offer
2004-08-21,aboriginal trust fund consultations successful
2004-08-22,aged abuse rising says charity
2004-08-23,25 killed in venezuelan military plane crash
2004-08-24,10 to face grindlay bashing committal hearings
2004-08-25,2m trawler wharf plan under fire
2004-08-26,22 killed as sistani sadr supporters fired on
2004-08-27,abc broadcasts digital tv plans
2004-08-28,abbott plays down election speculation
2004-08-29,accused racist set up friend says
2004-08-30,200 anti bush protesters arrested
2004-08-31,1000 mia soldiers repatriated buried
2004-09-02,14 killed in us air strike on fallujah
2004-09-03,160 hurt in assault on russian school reports
2004-09-04,105m buys rare mercedes sports car
2004-09-05,12 iraqi police officers killed
2004-09-06,acoss seeks end to private health rebate
2004-09-07,abbott denies big fraud in medicare
2004-09-08,1b qantas stake expected to be spread around
2004-09-09,11 killed in embassy attack
2004-09-10,40 dead as fallujah attacks continue
2004-09-11,alcan pipeline survey complete
2004-09-12,28 children slashed in day care attack
2004-09-13,14 killed in nepal bus crash
2004-09-14,academic joins logging protest
2004-09-15,23 feared dead in vietnam landslide
2004-09-16,1m roadworks contract announced
2004-09-17,aboriginal group to retrieve remains from sweden
2004-09-18,825000 stranded after bangladesh embankment bursts
2004-09-19,6 hospitalised after balcony collapse
2004-09-20,100 disobey france scarf ban
2004-09-21,17 years jail for murder arson
2004-09-22,10m to boost defence technologies
2004-09-23,77 choices for act voters
2004-09-24,abusive alp senator apologises to veterans
2004-09-25,afl grand final underway
2004-09-26,16 killed in weekend accidents
2004-09-27,accused pleads not guilty in backpacker murder case
2004-09-28,11m to boost wa mental health services
2004-09-29,abc radio promised 14m boost
2004-09-30,50 to face charges in nsw after national child
2004-10-01,13 face court following child porn crackdown
2004-10-02,25 suspected militants caught in afghanistan
2004-10-03,14 killed in factory blast
2004-10-04,aborigines ignored in forest debate democrats
2004-10-05,10 arrested over sydney real estate fraud
2004-10-06,abbott leaves hospital after kidney stone surgery
2004-10-07,aboriginal remains to be welcomed home
2004-10-08,23 dead in egypt hotel blast
2004-10-09,adelaide ram raid spate continues
2004-10-10,20 killed as bus plunges into chinese river
2004-10-11,aboriginal representation falls victim to election
2004-10-12,abc to bring back behind the news
2004-10-13,1000 rally in melbourne against nowingi waste dump
2004-10-14,000 system investigation begins following womans
2004-10-15,abc presenters remarks prompt call for apology
2004-10-16,31 die as bus plunges into river in northern india
2004-10-17,aussies set competitive total
2004-10-18,accused draws blank on fatal accident after
2004-10-19,accommodation developments set to meet ghan demand
2004-10-20,act govt to keep mix of properties in post fire
2004-10-21,aerial baiting for wild dogs continues in snowy
2004-10-22,22 car crash closes sydney freeway
2004-10-23,10 killed in car bomb attack on iraq police academy
2004-10-24,50 killed in ambush on iraqi army recruits
2004-10-25,academic issues environment warning
2004-10-26,agreement reached in botched birth case
2004-10-27,104 year old bega resident dies
2004-10-28,13 confirmed dead in russian mine blast
2004-10-29,80 suicide attackers trained to target russia
2004-10-30,aboriginal issues off the agenda now yunupingu
2004-10-31,adelaide orchestra a federal responsibility sa
2004-11-01,abbott concerned about abortion epidemic
2004-11-02,abalone diver jailed over forged dockets
2004-11-03,abortion debate divides liberal party
2004-11-04,abbott renews call for abortion debate
2004-11-05,5m boost planned for alice shopping centre
2004-11-06,100 million mice invade bulgarian region
2004-11-07,aba to decide on alice broadcast licence next year
2004-11-08,12m gold mine to be operational soon
2004-11-09,afl star long declines indigenous role
2004-11-10,abbott admits uncertainty over abortion figures
2004-11-11,advocates cautiously welcome mental health package
2004-11-12,15m to help grow broccoli technology
2004-11-13,abuse victim angry at govts claims to payout
2004-11-14,abu mazen favourite to run for fatah in
2004-11-15,abortion debate a touchy subject in canberra
2004-11-16,accc calls for increased port capacity investment
2004-11-17,abandon air safety changes dick smith says
2004-11-18,40 dead in nigerian cholera outbreak
2004-11-19,academics accept uni pay rise offer
2004-11-20,10 killed in philippine air strike military
2004-11-21,alcan gove begins recruitment drive
2004-11-22,2004 afl national draft list
2004-11-23,700 detained during apec in chile
2004-11-24,16m power station to open today
2004-11-25,30 armed men attack teenager police
2004-11-26,15m on offer for community based projects
2004-11-27,9 charged over palm island riot
2004-11-28,abbas frontrunner to replace arafat
2004-11-29,13m to be injected into co generation plant plan
2004-11-30,act govt considers health hotline privatisation
2004-12-01,abbott defends changes to prosthesis insurance
2004-12-02,abbas finds 2005 peace deal possible
2004-12-03,actu outraged as government seeks wage case delay
2004-12-04,7 dead as car bomb targets iraqi police
2004-12-05,11 killed in kashmir landmine blast
2004-12-06,16m water plant nearly finished
2004-12-07,abuse victims given option to testify ombudsman
2004-12-08,aboriginal artefacts caves found in tasmania
2004-12-09,10m boost planned for wine firm
2004-12-10,2m boost for uni centre
2004-12-11,16 die in venezuela air crash
2004-12-12,act govt looks for new prison staff
2004-12-13,11 killed in malaysian floods
2004-12-14,10 tested for deadly hendra virus
2004-12-15,abbas calls for palestinian cease fire
2004-12-16,act bushfire plan set for january release
2004-12-17,563m surplus in nsw half yearly budget review
2004-12-18,actab plans gungahlin move
2004-12-19,adelaide shark patrols continue
2004-12-20,14 killed in chinese mine explosion
2004-12-21,10 things not to buy for christmas
2004-12-22,abalone poaching prompts police crackdown
2004-12-23,13 chinese miners killed by poisonous gas
2004-12-24,20 killed in nigerian fuel pipeline blaze
2004-12-25,adelaide crew celebrates christmas at sea
2004-12-26,300 sri lankan convicts escape as tsunami destroys
2004-12-27,13 killed in iraqi car bombing
2004-12-28,10 killed as tidal waves strike tanzania
2004-12-29,aapt second into hobart
2004-12-30,abbas presses for removal of israeli barrier
2004-12-31,14 americans dead in tsunami
2005-01-01,10 killed in kashmir new year party called off
2005-01-02,allawi predicts decisive year for iraq
2005-01-03,aceh short of medical equipment
2005-01-04,159 britons feared killed in tsunami straw
2005-01-05,30 firefighters battle sydney cbd blaze
2005-01-06,150 guerrillas killed in nepal
2005-01-07,aerial spraying group to join plane crash probe
2005-01-08,10 killed in italian train crash
2005-01-09,abbas rival claims palestinian vote irregularities
2005-01-10,21 killed in southern philippines clashes military
2005-01-11,10m fund for tsunami victims
2005-01-12,20 killed in iraq attacks as elections loom
2005-01-13,aceh rebels seek cease fire talks
2005-01-14,20 soldiers die in colombian helicopter crash
2005-01-15,900000 year old ice retrieved from antarctic
2005-01-16,18 bodies dumped on iraq roadside
2005-01-17,16 charged in albany drug blitz
2005-01-18,129 journalists killed in 2004
2005-01-19,1 killed 5 injured in highway smash
2005-01-20,120 rebels killed in aceh general
2005-01-21,abs releases population outlook
2005-01-22,135 food poisoning cases confirmed in vic
2005-01-23,12 dead in iraq hospital fire
2005-01-24,abbas close to securing militant cease fire
2005-01-25,23 guantanamo detainees attempted suicide
2005-01-26,11000 australia based iraqis to vote
2005-01-27,1770 calls for full time fire service
2005-01-28,abbott rejects indigenous health funding appeal
2005-01-29,40 killed as filipino troops battle militants
2005-01-30,17 reported killed in sudan rally
2005-01-31,232 civilians die working for us in iraq
2005-02-01,1m reward for halvagis murder information
2005-02-02,abbas to meet sharon in egypt
2005-02-03,20000 without power across melbourne
2005-02-04,abbott to consider kidney donor compo
2005-02-05,10 dead in new iraq violence
2005-02-06,afghan plane wreckage found 104 feared dead
2005-02-07,10 dead in iraq violence north and south
2005-02-08,10m gardens to lure more tourists to act
2005-02-09,38 killed as truck slams into crowd in angola
2005-02-10,20 bodies of drivers found near baghdad
2005-02-11,advocates report highlights disabled homes concerns
2005-02-12,20 killed in attacks on shiites
2005-02-13,academic disputes canals 6b price tag
2005-02-14,abc in talks over ashes tv rights
2005-02-15,42 arrested in goulburn valley immigration raids
2005-02-16,academics call for university finance audit
2005-02-17,500 cattle found dead on abandoned wa property
2005-02-18,2m start to gunnedah cbd work
2005-02-19,1000 afghan children feared dead in cold snap
2005-02-20,33 arrested after fa cup violence
2005-02-21,abbott appeals for sons privacy
2005-02-22,15 killed in indonesian plane crash
2005-02-23,173 feared dead in landslide
2005-02-24,10 man chelsea lead english tale of champions
2005-02-25,9 afghan troops killed by gunmen
2005-02-26,30 hurt in tel aviv blast
2005-02-27,57 countries sign on to anti smoking treaty
2005-02-28,abbott urges private sector to simplify charges
2005-03-01,13 charged in drug raids
2005-03-02,51 die from cholera outbreak in nigeria
2005-03-03,abbott lauds riverina cancer centre
2005-03-04,10 killed in thai bus crash
2005-03-05,12 killed in chinese fire
2005-03-06,adams condemns mccartney murderers
2005-03-07,25 killed in attacks on iraqi security forces
2005-03-08,76 year old woman fined over police pursuit
2005-03-09,abalone diver pleads guilty to fishing offences
2005-03-10,abc2 hits the airwaves
2005-03-11,15m in fines handed down over gretley disaster
2005-03-12,150 firefighters battle massive furniture factory
2005-03-13,afc says no decision on australias asia move
2005-03-14,11 iraqis killed in attacks over past two days
2005-03-15,30 killed in kenya militia attack
2005-03-16,10000 run tendulkar ton up dravid boost india
2005-03-17,84 poisoned in philippines
2005-03-18,13m scheme to target kalgoorlie alcohol woes
2005-03-19,35 killed in pakistan road accident
2005-03-20,afghan floods claim at least 88 lives
2005-03-21,20 year jail term reinstated as man loses appeal
2005-03-22,10 dead in us shooting rampage
2005-03-23,10 year old tourist murder still a mystery
2005-03-24,act already promoting lifestyle to medics
2005-03-25,30 feared dead after boat capsizes in pakistan
2005-03-26,ailing pope makes video appearance to catholic
2005-03-27,abuse of iraqis goes beyond abu ghraib documents
2005-03-28,3000 without power in adelaide
2005-03-29,accc weighs up isp regulation
2005-03-30,accc finds telstra price caps should stay
2005-03-31,10000 students pledge to get fit fundraise
2005-04-01,act waiting for sign off on increased patient care
2005-04-02,aboriginal mans body exhumed for autopsy
2005-04-03,abbas orders more security reforms to fight chaos
2005-04-04,accident prompts quad bike danger warning
2005-04-05,3797 executed in 2004 amnesty
2005-04-06,aboriginal activist given good behaviour bond
2005-04-07,114m expansion planned for mine near orange
2005-04-08,abdullah calls for policy change towards muslim
2005-04-09,aerobridges make way to new adelaide airport
2005-04-10,3000 chinese stage fresh anti japan protest
2005-04-11,aboriginal prisoners death was foul play court
2005-04-12,abuse victims criticise vatican over us cardinal
2005-04-13,aboriginal activists lodge writ
2005-04-14,15 killed in twin baghdad blasts
2005-04-15,1m reward planned to help free corby
2005-04-16,abbott sorry for broken promise
2005-04-17,abbott flirted with resignation
2005-04-18,18 dead after clash between colombian military
2005-04-19,accc approves bhp bid for wmc
2005-04-20,administrator appointed to rocky builder
2005-04-21,21 killed in colombian road accident
2005-04-22,abalone industry eyes fta benefits
2005-04-23,911 accused moussaoui pleads guilty
2005-04-24,ac milan thrash parma
2005-04-25,15 killed in twin baghdad blasts
2005-04-26,accused child killer faces relatives wrath
2005-04-27,10m stolen from investors
2005-04-28,abc pulls controversial documentary
2005-04-30,accusations fly over paedophiles assets
2005-05-01,aceh rebels accused of hostage taking
2005-05-02,14b a year spent on heart disease
2005-05-03,10 killed during somali pms speech
2005-05-04,2 killed in nz mail plane crash
2005-05-05,19 killed as insurgents target iraqi security
2005-05-06,14 bodies found in iraq
2005-05-07,15 presumed dead as plane crashes
2005-05-08,11 killed in burma bomb blast
2005-05-09,abolition of regional seats to hurt bush say wa
2005-05-10,250m wind farm planned for mt mercer
2005-05-11,1 killed as afghans protest alleged koran abuse
2005-05-12,3m to go towards researching bluefin tuna
2005-05-13,aborigines push for final land grants settlement
2005-05-14,8 iraqis killed in patrol attack
2005-05-15,34 bodies discovered in iraq
2005-05-16,aboriginal group demands santos prosecution over
2005-05-17,academic in torture row wont hear refugee cases
2005-05-18,afghan gang offers to trade italian hostage
2005-05-19,51 feared dead after china mine blast
2005-05-20,2m to help tso out of trouble
2005-05-21,adelaide anglicans make new bid to elect archbishop
2005-05-22,30 dead in peru bus crash
2005-05-23,12 killed in pakistani border clash
2005-05-24,1080 guidelines released
2005-05-25,1080 wallaby poisoning angers animal protectors
2005-05-26,36ers lose farley but hope to regain maher
2005-05-27,14 die after heavy rains in india
2005-05-28,6000 flee congo violence un
2005-05-29,aboriginal films make impact
2005-05-30,act adopts new mental health care model
2005-05-31,12m study to focus on live exports
2005-06-01,abuse of indonesia wont help corby downer
2005-06-02,160 whales stranded near perth
2005-06-03,12yo leads police on car chase
2005-06-04,actew funding arrangements to stay says treasurer
2005-06-05,al jazeera denies broadcasting beheadings
2005-06-06,80 candidates to contest nt poll
2005-06-07,17 boost for minimum wage
2005-06-08,11 killed in bus accident in india
2005-06-09,abalone ship sparks visa row
2005-06-10,16 bodies found in iraq
2005-06-11,airfare rise claims anger clp
2005-06-12,11 tourists missing in wa national park
2005-06-13,20 bodies found in iraq 4 us soldiers killed
2005-06-14,abare says farm success not all down to weather
2005-06-15,17 killed in iraqi army canteen attack
2005-06-16,17 charged after cooloola shire drugs raids
2005-06-17,813m budget slugs some unit owners
2005-06-18,alice springs clp still positive despite top end
2005-06-19,150 rally for refugee rights
2005-06-20,abare cuts 1b from farm production estimates
2005-06-21,120000 australians caught in credit card scam
2005-06-22,abc to fight to operate asia pacific tv service
2005-06-23,51 nations confirmed for gymnastics championships
2005-06-24,aboriginal only schools not intended says dept
2005-06-25,adler charged over jail activities
2005-06-26,32 killed in iraq violence
2005-06-27,36 human rights cases aired at talks
2005-06-28,6m tourism gateway planned for illawarra
2005-06-29,3600 mitsubishi related job losses feared
2005-06-30,12 die in iraq as bush says troops will stay
2005-07-01,24 arrested for suspected involvement in bali
2005-07-02,afp seize computers documents in piracy sting
2005-07-03,1500 gather to farewell abc broadcaster
2005-07-04,10m vegie plant announced for north west tas
2005-07-05,50m aged care project planned for cudal
2005-07-06,70 detained under new aviation security law
2005-07-07,135 submissions received about hub plan
2005-07-08,accused war criminal arrested
2005-07-09,20 new hospital beds opened in canberra hospitals
2005-07-10,15 injured in turkish bomb attack
2005-07-11,academic labels petrol sniffing program a failure
2005-07-12,17m saleyards approved for central tablelands
2005-07-13,10 killed in kenyan clan revenge attack
2005-07-14,32 dead in suicide attack iraqi police
2005-07-15,6 dead as bombers target iraqi patrols
2005-07-16,aceh rebels claim breakthrough in talks
2005-07-17,20 rebels killed in afghanistan
2005-07-18,abbas pledges to stop rocket attacks
2005-07-19,14 killed in iraq attacks
2005-07-20,academics in nz go on strike
2005-07-21,28000 year old phallus found in germany
2005-07-22,39 killed in yemen clashes over fuel price hikes
2005-07-23,28 foreigners injured in egypt blasts
2005-07-24,35 arrested over egypt bombings
2005-07-25,about face on id cards concerns stanhope
2005-07-26,aboriginal art goes for record price
2005-07-27,19 to stand trial over palm is riots
2005-07-28,1m donation to help keep flying doctor up in the
2005-07-29,15000 caught on phone while driving
2005-07-30,act labor gathers for annual conference
2005-07-31,16 injured during army exercise
2005-08-01,abu sayyaf bomb suspect arrested in philippines
2005-08-02,5m deal to boost rescue service
2005-08-03,14 us marines interpreter killed in iraq
2005-08-04,15m green scheme for south west wa
2005-08-05,act health defends psychiatric unit revamp
2005-08-06,1 million evacuated as typhoon hits china
2005-08-07,100000 reward offered in murder probe
2005-08-08,abalone fishing fine wont deter former atsic
2005-08-09,17 taliban us soldier die in ambush
2005-08-10,14 missing after helicopter crashes in estonia
2005-08-11,3000 year old womans face revealed
2005-08-12,aboriginal elder criticises bypass delay
2005-08-13,15 iraqis dead after us gunfire doctor
2005-08-14,act rejects call for national abortion laws
2005-08-15,10 year tourism plan to cater to regional needs
2005-08-16,12yo caught at wheel of parents car
2005-08-17,111 bombs explode across bangladesh
2005-08-18,accc pleased with sell off plans
2005-08-19,1b uranium exports possible says mp
2005-08-20,abbas hails sacrifices behind israeli withdrawal
2005-08-21,5000 up for grabs for nt school bands
2005-08-22,10 die in horror weekend on qld roads
2005-08-23,abbas phones sharon after gaza pullout
2005-08-24,20 saved from mumbai rubble
2005-08-25,aba seeks atm robberies police briefing
2005-08-26,10m fund to assist holden workers
2005-08-27,abbott plans conditional health monies
2005-08-28,30 wounded in philippines ferry bomb attack
2005-08-29,abc loses bid to screen film about child killer
2005-08-30,abbott reluctant to pressure health insurers
2005-08-31,400 foetuses found in us garage
2005-09-01,abc in high court bid to air child killer story
2005-09-02,25m revamp for southern highlands cement mill
2005-09-03,36ers crocodiles begin season on winning note
2005-09-04,40 australians stranded in new orleans
2005-09-05,100 feared dead in indonesian plane crash
2005-09-06,12 killed in afghan clashes
2005-09-07,16m allocated to region to fight salinity
2005-09-08,300 abattoir workers set to lose jobs
2005-09-09,20 school roofs set for replacement
2005-09-10,afghan defence minister escapes assassination bid
2005-09-11,2b for telstra not a penny less pm
2005-09-12,130 tonnes of toothfish found on cambodian vessel
2005-09-13,1m added to indonesias anti polio fight
2005-09-14,265m needed for telstra services in nt
2005-09-15,20 killed in indian factory blaze
2005-09-16,15m burnie waterfront plan gets approval
2005-09-17,20 taliban arrested in afghanistan
2005-09-18,aceh rebels exceed weapons turn in target
2005-09-19,62 tonne truck no barrier to strongmans world
2005-09-20,122m river diversion to allow coal access
2005-09-21,acne treatment linked to respiratory infections
2005-09-22,100 minute bible designed for time starved
2005-09-23,100m dragline built near emerald
2005-09-24,abandon diesel excise increase labor urges
2005-09-25,5 killed in afghanistan chopper crash
2005-09-26,accc to educate motorists about petrol prices
2005-09-27,1m cheque fraud case before court
2005-09-28,abu ghraib abuser england jailed
2005-09-29,abattoir expansion gets conditional approval
2005-09-30,120m seven mile beach development proposed
2005-10-01,10000 homes ready for aceh tsunami victims
2005-10-02,13 die in india after drinking bootleg alcohol
2005-10-03,11 killed in south korea concert stampede
2005-10-04,13000 chinese evacuated as floodwaters rise
2005-10-05,100 submissions made to gbrmpa review
2005-10-06,50 police face action over photo leak
2005-10-07,28 on hunger strike at guantanamo bay
2005-10-08,abc cricket magazine 2005 06
2005-10-09,airport terminal evacuated after white powder found
2005-10-10,30000 feared dead in quake
2005-10-11,abbas sharon summit delayed
2005-10-12,14m boost for regional mental health
2005-10-13,abbott resists call to legalise abortion pill
2005-10-14,adelaide down hawks in nbl
2005-10-15,adelaide airports new terminal up and running
2005-10-16,abc journalists honoured at nt media awards
2005-10-17,ac milan beat cagliari to keep leaders juve in
2005-10-18,18m to go to fighting wallis lake water pollution
2005-10-19,accreditation boost for local breast screening
2005-10-20,accc criticised for not opposing woolies takeover
2005-10-21,abramovich reveals grandiose 100 year plan
2005-10-22,300kg croc pulled from river
2005-10-23,27 arrested in early morning street brawl
2005-10-24,6 dead as storms sweep southern italy
2005-10-25,15 killed in suicide attacks
2005-10-26,abbott confident of australias preparedness for
2005-10-27,11 dead in amsterdam airport fire
2005-10-28,65m carnarvon youth base opens
2005-10-29,10 feared killed in delhi blasts
2005-10-30,acf denies nuclear power inevitable
2005-10-31,abare forecast talks down oil price impact
2005-11-01,20 killed in iraq car bombing
2005-11-02,87 arrested in argentina over train delay riots
2005-11-03,abc grandstand spoke with ricky ponting and corey
2005-11-04,18m announced for mildura school facilities
2005-11-05,act mulls legislation to counter ir changes
2005-11-06,1m deal to conserve river murray water
2005-11-07,18 killed in china mine accident
2005-11-08,17 detained in overnight raids
2005-11-09,140 defence medics to assist pakistan relief effort
2005-11-10,1m research funding boost for uni
2005-11-11,10 arrested in melbourne drug raids
2005-11-12,3 afghan police killed in taliban attacks
2005-11-13,25 to face court over alleged cockfight racket
2005-11-14,19 alleged poachers arrested off wa coast
2005-11-15,18 arrested in zimbabwe opposition infighting
2005-11-16,15 films vie for best documentary oscar